{"airports":[{"filterkeyword":"悉尼 Sydney XiNi xn SYD SYD","en_us":"Sydney","zh_cn":"悉尼","id":"SYD"},
{"filterkeyword":"新加坡 Singapore XinJiaPo xjp SIN SIN","en_us":"Singapore","zh_cn":"新加坡","id":"SIN"},
{"filterkeyword":"香港 HongKong XiangGang XG HKG HKG","en_us":"HongKong","zh_cn":"香港","id":"HKG"},
{"filterkeyword":"澳门 Macau AoMen AM MFM MFM","en_us":"Macau","zh_cn":"澳门","id":"MFM"},
{"filterkeyword":"台北 TaiPei TaiBei TB TPE TPE","en_us":"TaiPei","zh_cn":"台北","id":"TPE"},
{"filterkeyword":"台中 taichung taizhong TZ TXG TXG","en_us":"taichung","zh_cn":"台中","id":"TXG"},
{"filterkeyword":"曼谷 Bangkok ManGu mg BKK BKK","en_us":"Bangkok","zh_cn":"曼谷","id":"BKK"},
{"filterkeyword":"洛杉矶 LosAngeles LuoShanJi lsj LAX LAX","en_us":"LosAngeles","zh_cn":"洛杉矶","id":"LAX"},
{"filterkeyword":"墨尔本 Melbourne MoErBen meb MEL MEL","en_us":"Melbourne","zh_cn":"墨尔本","id":"MEL"},
{"filterkeyword":"首尔 Seoul ShouEr se SEL SEL","en_us":"Seoul","zh_cn":"首尔","id":"SEL"},
{"filterkeyword":"阿姆斯特丹 Amsterdam AMuSiTeDan amstd AMS AMS","en_us":"Amsterdam","zh_cn":"阿姆斯特丹","id":"AMS"},      
{"filterkeyword":"阿什哈巴德 Ashkhabad AShenHaBaDe ashbd ASB ASB","en_us":"Ashkhabad","zh_cn":"阿什哈巴德","id":"ASB"},
{"filterkeyword":"爱丁堡 Edinburgh AiDingBao adb EDI EDI","en_us":"Edinburgh","zh_cn":"爱丁堡","id":"EDI"},
{"filterkeyword":"奥兰多 Orlando AoLanDuo ald MCO MCO","en_us":"Orlando","zh_cn":"奥兰多","id":"MCO"},
{"filterkeyword":"奥什 Osh  AoShen as OSS OSS","en_us":"Osh","zh_cn":"奥什","id":"OSS"},
{"filterkeyword":"奥克兰 Auckland Aokelan AKL AKL AKL","en_us":"Auckland","zh_cn":"奥克兰","id":"AKL"},
{"filterkeyword":"奥斯陆 Oslo Aosilu OSL OSL OSL","en_us":"Oslo","zh_cn":"奥斯陆","id":"OSL"},
{"filterkeyword":"雅典 Athena YaDian yd ATH ATH","en_us":"Athena","zh_cn":"雅典","id":"ATH"},
{"filterkeyword":"亚特兰大 Atlanta YaTeLanDa ytld ATL ATL","en_us":"Atlanta","zh_cn":"亚特兰大","id":"ATL"},
{"filterkeyword":"巴库 Baku BaKu bk GYD BAK","en_us":"Baku","zh_cn":"巴库","id":"GYD"},
{"filterkeyword":"巴黎 Paris BaLi bl CDG PAR","en_us":"Paris","zh_cn":"巴黎","id":"CDG"},
{"filterkeyword":"巴塞罗那 Barcelona BaSaiLuoNa bsln BCN BCN","en_us":"Barcelona","zh_cn":"巴塞罗那","id":"BCN"},
{"filterkeyword":"北九州 Kitakyushu BeiJiuZhou bjz KKJ KKJ","en_us":"Kitakyushu","zh_cn":"北九州","id":"KKJ"},
{"filterkeyword":"比什凯克 Bishkek BiShenKaiKe bskk FRU FRU","en_us":"Bishkek","zh_cn":"比什凯克","id":"FRU"},
{"filterkeyword":"槟城 Penang BinCheng bc PEN PEN","en_us":"Penang","zh_cn":"槟城","id":"PEN"},
{"filterkeyword":"柏林 Berlin BoLin bl TXL BER","en_us":"Berlin","zh_cn":"柏林","id":"TXL"},
{"filterkeyword":"伯明翰 Birmingham BoMingHan bmh BHX BHX","en_us":"Birmingham","zh_cn":"伯明翰","id":"BHX"},
{"filterkeyword":"波士顿 Boston BoShiDun bsd BOS BOS","en_us":"Boston","zh_cn":"波士顿","id":"BOS"},
{"filterkeyword":"布里斯班 Brisbane BuLiShiBan BLSB BNE BNE","en_us":"Brisbane","zh_cn":"布里斯班","id":"BNE"},
{"filterkeyword":"布鲁塞尔 Brussels BuLuSaiEr blse BRU BRU","en_us":"Brussels","zh_cn":"布鲁塞尔","id":"BRU"},
{"filterkeyword":"哥本哈根 Copenhagen GeBenHaGen gbhg CTH CPH","en_us":"Copenhagen","zh_cn":"哥本哈根","id":"CTH"},
{"filterkeyword":"济州 Cheju JiZhou jz CJU CJU","en_us":"Cheju","zh_cn":"济州","id":"CJU"},
{"filterkeyword":"清州 Chongju QingZhou qz CJJ CJJ","en_us":"Chongju","zh_cn":"清州","id":"CJJ"},
{"filterkeyword":"辛辛那提 Cincinnati XinXinNaTi xxnt CVG CVG","en_us":"Cincinnati","zh_cn":"辛辛那提","id":"CVG"},
{"filterkeyword":"芝加哥 Chicago ZhiJiaGe zjg CHI CHI","en_us":"Chicago","zh_cn":"芝加哥","id":"CHI"},
{"filterkeyword":"大阪 Osaka DaBan db KIX KIX","en_us":"Osaka","zh_cn":"大阪","id":"KIX"},
{"filterkeyword":"大邱 Taegu DaQiu dq TAE TAE","en_us":"Taegu","zh_cn":"大邱","id":"TAE"},
{"filterkeyword":"达卡 Dhaka Daka DK DAC DAC","en_us":"Dhaka","zh_cn":"达卡","id":"DAC"},
{"filterkeyword":"德黑兰 Teheran DeHeiLan dhl IKA THR","en_us":"Teheran","zh_cn":"德黑兰","id":"IKA"},
{"filterkeyword":"德里 Delhi DeLi dl DEL DEL","en_us":"Delhi","zh_cn":"德里","id":"DEL"},
{"filterkeyword":"迪拜 Dubai DiBai db DXB DXB","en_us":"Dubai","zh_cn":"迪拜","id":"DXB"},
{"filterkeyword":"东京 Tokyo DongJing dj NRT TYO","en_us":"Tokyo","zh_cn":"东京","id":"NRT"},
{"filterkeyword":"杜塞尔多夫 Dusseldorf DuSaiErDuoFu dsedf DUS DUS","en_us":"Dusseldorf","zh_cn":"杜塞尔多夫","id":"DUS"},
{"filterkeyword":"杜尚别 Dushanbe DuShangBie dsb DYU DYU","en_us":"Dushanbe","zh_cn":"杜尚别","id":"DYU"},
{"filterkeyword":"第比利斯 Tbilisi dibilisi DBLS TBS TBS","en_us":"Tbilisi","zh_cn":"第比利斯","id":"TBS"},
{"filterkeyword":"法兰克福 Frankfurt FaLanKeFu flkf FRA FRA","en_us":"Frankfurt","zh_cn":"法兰克福","id":"FRA"},
{"filterkeyword":"福冈 Fukuoka FuGang fg FUK FUK","en_us":"Fukuoka","zh_cn":"福冈","id":"FUK"},
{"filterkeyword":"符拉迪沃斯托克 Vladivostok FuLaDiWoSiTuoKe fldwstk VVO VVO","en_us":"Vladivostok","zh_cn":"符拉迪沃斯托克","id":"VVO"},
{"filterkeyword":"富山 Toyama FuShan fs TOY TOY","en_us":"Toyama","zh_cn":"富山","id":"TOY"},
{"filterkeyword":"釜山 Pusan FuShan fs PUS PUS","en_us":"Pusan","zh_cn":"釜山","id":"PUS"},
{"filterkeyword":"哥打基纳巴卢 KOTAKINABALU GeDaJiNaBaLu gdjnbl BKI BKI","en_us":"KOTAKINABALU","zh_cn":"哥打基纳巴卢","id":"BKI"},
{"filterkeyword":"古晋 KUCHING GuJin gj KCH KCH","en_us":"KUCHING","zh_cn":"古晋","id":"KCH"},
{"filterkeyword":"广岛 Hiroshima GuangDao gd HIJ HIJ","en_us":"Hiroshima","zh_cn":"广岛","id":"HIJ"},
{"filterkeyword":"光州 Kwangju GuangZhou gz MWX MWX","en_us":"Kwangju","zh_cn":"光州","id":"MWX"},
{"filterkeyword":"日内瓦 Geneva RiNeiWa rnw GVA GVA","en_us":"Geneva","zh_cn":"日内瓦","id":"GVA"},
{"filterkeyword":"依尔库茨克 Irkutsk YiErKuCiKe yekck IKT IKT","en_us":"Irkutsk","zh_cn":"依尔库茨克","id":"IKT"},
{"filterkeyword":"伊斯兰堡 Islamabad yisilanbao YSLB ISB ISB","en_us":"Islamabad","zh_cn":"伊斯兰堡","id":"ISB"},
{"filterkeyword":"伊斯坦布尔 ISTANBUL yisitanbuer YSTBE IST IST","en_us":"ISTANBUL","zh_cn":"伊斯坦布尔","id":"IST"},
{"filterkeyword":"汉诺威 Hanover Hannuowei HNW HAJ HAJ","en_us":"Hanover","zh_cn":"汉诺威","id":"HAJ"},
{"filterkeyword":"赫尔辛基 Helsinki HeErXinJi hexj HEL HEL","en_us":"Helsinki","zh_cn":"赫尔辛基","id":"HEL"},
{"filterkeyword":"河内 Hanoi HeNei hn HAN HAN","en_us":"Hanoi","zh_cn":"河内","id":"HAN"},
{"filterkeyword":"胡志明市 HoChiMinh HuZhiMingShi hzms SGN SGN","en_us":"HoChiMinh","zh_cn":"胡志明市","id":"SGN"},
{"filterkeyword":"华沙 Warsaw HuaSha hs WAW WAW","en_us":"Warsaw","zh_cn":"华沙","id":"WAW"},
{"filterkeyword":"火奴鲁鲁 Honolulu HuoNuLuLu hnll HNL HNL","en_us":"Honolulu","zh_cn":"火奴鲁鲁","id":"HNL"},
{"filterkeyword":"胡占德 Khujand Huzhande HZD LBD LBD","en_us":"Khujand","zh_cn":"胡占德","id":"LBD"},
{"filterkeyword":"哈巴罗夫斯克市 Khabarovsk HaBaLuoFuSiKeShi hblfsks KHV KHV","en_us":"Khabarovsk","zh_cn":"哈巴罗夫斯克市","id":"KHV"},
{"filterkeyword":"哈特福德 Hartford HaTeFuDe htfd BDL BDL","en_us":"Hartford","zh_cn":"哈特福德","id":"BDL"},
{"filterkeyword":"汉堡 Hamburg HanBao hb HAM HAM","en_us":"Hamburg","zh_cn":"汉堡","id":"HAM"},
{"filterkeyword":"休斯顿 Houston XiuSiDun xsd HOU HOU","en_us":"Houston","zh_cn":"休斯顿","id":"HOU"},
{"filterkeyword":"吉达 Jeddah JiDa jd JED JED","en_us":"Jeddah","zh_cn":"吉达","id":"JED"},
{"filterkeyword":"吉隆坡 KualaLumpur JiLongPo jlp KUL KUL","en_us":"KualaLumpur","zh_cn":"吉隆坡","id":"KUL"},
{"filterkeyword":"加德满都 Kathmandu JiaDeManDu JDMD KTM KTM","en_us":"Kathmandu","zh_cn":"加德满都","id":"KTM"},
{"filterkeyword":"捷克逊维尔 Jacksonville JieKeXunWeiEr jkxwe JAX JAX","en_us":"Jacksonville","zh_cn":"捷克逊维尔","id":"JAX"},
{"filterkeyword":"金边 PhnomPenh JinBian jb PNH PNH","en_us":"PhnomPenh","zh_cn":"金边","id":"PNH"},
{"filterkeyword":"雅加达 Jakarta YaJiaDa yjd CGK JKT","en_us":"Jakarta","zh_cn":"雅加达","id":"CGK"},
{"filterkeyword":"马德里 Madrid MaDeLi mdl MAD MAD","en_us":"Madrid","zh_cn":"马德里","id":"MAD"},
{"filterkeyword":"马尼拉 Manila MaNiLa mnl MNL MNL","en_us":"Manila","zh_cn":"马尼拉","id":"MNL"},
{"filterkeyword":"马累 Male Male ML MLE MLE","en_us":"Male","zh_cn":"马累","id":"MLE"},
{"filterkeyword":"曼彻斯特 Manchester ManCheSiTe mcst MAN MAN","en_us":"Manchester","zh_cn":"曼彻斯特","id":"MAN"},
{"filterkeyword":"孟菲斯 Memphis MengFeiSi mfs MEM MEM","en_us":"Memphis","zh_cn":"孟菲斯","id":"MEM"},
{"filterkeyword":"米兰 Milan MiLan ml MIL MIL","en_us":"Milan","zh_cn":"米兰","id":"MIL"},
{"filterkeyword":"名古屋 Nagoya MingGuWu mgw NGO NGO","en_us":"Nagoya","zh_cn":"名古屋","id":"NGO"},
{"filterkeyword":"莫斯科 Moscow MoSiKe msk SVO MOW","en_us":"Moscow","zh_cn":"莫斯科","id":"SVO"},
{"filterkeyword":"慕尼黑 Munich MuNiHei mnh MUC MUC","en_us":"Munich","zh_cn":"慕尼黑","id":"MUC"},
{"filterkeyword":"纽卡斯尔 Newcastle NiuKaSiEr nkse NCL NCL","en_us":"Newcastle","zh_cn":"纽卡斯尔","id":"NCL"},
{"filterkeyword":"纽瓦克 Newark NiuWaKe nwk EWR NYC","en_us":"Newark","zh_cn":"纽瓦克","id":"EWR"},
{"filterkeyword":"纽约肯尼迪机场 NewYork NiuYue ny JFK NYC","en_us":"NewYork(JFK)","zh_cn":"纽约肯尼迪机场","id":"JFK"},
{"filterkeyword":"纽约机场 NewYork NiuYue ny NYC NYC","en_us":"NewYork(NYC)","zh_cn":"纽约机场","id":"NYC"},
{"filterkeyword":"纽伦堡 Nuremberg Niulunbao NLB NUE NUE","en_us":"Nuremberg","zh_cn":"纽伦堡","id":"NUE"},
{"filterkeyword":"新西伯利亚 Novosibirsk XinXiBoLiYa xxbly OVB OVB","en_us":"Novosibirsk","zh_cn":"新西伯利亚","id":"OVB"},
{"filterkeyword":"新泻 Niigata XinXie xx KIJ KIJ","en_us":"Niigata","zh_cn":"新泻","id":"KIJ"},
{"filterkeyword":"普吉 Phuket PuJi pj HKT HKT","en_us":"Phuket","zh_cn":"普吉","id":"HKT"},
{"filterkeyword":"仰光 Rangoon YangGuang yg RGN RGN","en_us":"Rangoon","zh_cn":"仰光","id":"RGN"},
{"filterkeyword":"塞班 Saipan SaiBan sb SPN SPN","en_us":"Saipan","zh_cn":"塞班","id":"SPN"},
{"filterkeyword":"沙迦 Sharjah ShaJia sj SHJ SHJ","en_us":"Sharjah","zh_cn":"沙迦","id":"SHJ"},
{"filterkeyword":"斯德哥尔摩 Stockholm SiDeGeErMo sdgem STO STO","en_us":"Stockholm","zh_cn":"斯德哥尔摩","id":"STO"},
{"filterkeyword":"斯图加特 Stuttgart Situjiate STJT STR STR","en_us":"Stuttgart","zh_cn":"斯图加特","id":"STR"},
{"filterkeyword":"苏黎世 Zurich SuLiShi sls ZRH ZRH","en_us":"Zurich","zh_cn":"苏黎世","id":"ZRH"},
{"filterkeyword":"暹粒 SiemReap XianLi xl REP REP","en_us":"SiemReap","zh_cn":"暹粒","id":"REP"},
{"filterkeyword":"仙台 Sendai XianTai xt SDJ SDJ","en_us":"Sendai","zh_cn":"仙台","id":"SDJ"},
{"filterkeyword":"札幌 Sapporo ZhaHuang zh CTS SPK","en_us":"Sapporo","zh_cn":"札幌","id":"CTS"},
{"filterkeyword":"盐湖城 SaltLakeCity YanHuCheng yhc SLC SLC","en_us":"SaltLakeCity","zh_cn":"盐湖城","id":"SLC"},
{"filterkeyword":"塔什干 Tashkent TaShenGan tsg TAS TAS","en_us":"Tashkent","zh_cn":"塔什干","id":"TAS"},
{"filterkeyword":"坦帕 Tampa TanPa tp TPA TPA","en_us":"Tampa","zh_cn":"坦帕","id":"TPA"},
{"filterkeyword":"维也纳 Vienna WeiYeNa wyn VIE VIE","en_us":"Vienna","zh_cn":"维也纳","id":"VIE"},
{"filterkeyword":"温哥华 Vancouver WenGeHua wgh YVR YVR","en_us":"Vancouver","zh_cn":"温哥华","id":"YVR"},
{"filterkeyword":"吴哥窟 Angkor WuGeKu wgk REP REP","en_us":"Angkor","zh_cn":"吴哥窟","id":"REP"},
{"filterkeyword":"盐城 YanCheng YanCheng YC YNZ YNZ","en_us":"YanCheng","zh_cn":"盐城","id":"YNZ"},
{"filterkeyword":"伦敦希思罗 London LunDun ld LHR LON","en_us":"London","zh_cn":"伦敦希思罗","id":"LHR"}]}
