{"airports":[{"filterkeyword":"北京 BeiJing BeiJing BJ PEK PEK","en_us":"BeiJing","zh_cn":"北京","id":"PEK"},
{"filterkeyword":"长沙 ChangSha ChangSha CS HHA CSX","en_us":"ChangSha","zh_cn":"长沙","id":"HHA"},
{"filterkeyword":"成都 ChengDu ChengDu CD CTU CTU","en_us":"ChengDu","zh_cn":"成都","id":"CTU"},
{"filterkeyword":"重庆 ChongQing ChongQing CQ CKG CKG","en_us":"ChongQing","zh_cn":"重庆","id":"CKG"},
{"filterkeyword":"大连 DaLian DaLian DL DLC DLC","en_us":"DaLian","zh_cn":"大连","id":"DLC"},
{"filterkeyword":"广州 GuangZhou GuangZhou GZ CAN CAN","en_us":"GuangZhou","zh_cn":"广州","id":"CAN"},
{"filterkeyword":"海口 HaiKou HaiKou HK HAK HAK","en_us":"HaiKou","zh_cn":"海口","id":"HAK"},
{"filterkeyword":"杭州 HangZhou HangZhou HZ HGH HGH","en_us":"HangZhou","zh_cn":"杭州","id":"HGH"},
{"filterkeyword":"上海浦东 ShangHaiPuDong ShangHaiPuDong SHPD PVG SHA","en_us":"ShangHaiPuDong","zh_cn":"上海浦东","id":"PVG"},
{"filterkeyword":"上海虹桥 ShangHaiHongQiao ShangHaiHongQiao SHHQ SHA SHA","en_us":"ShangHaiHongQiao","zh_cn":"上海虹桥","id":"SHA"},
{"filterkeyword":"深圳 ShenZhen ShenZhen SZ SZX SZX","en_us":"ShenZhen","zh_cn":"深圳","id":"SZX"},
{"filterkeyword":"天津 TianJin TianJin TJ TSN TSN","en_us":"TianJin","zh_cn":"天津","id":"TSN"},
{"filterkeyword":"武汉 WuHan WuHan WH WUH WUH","en_us":"WuHan","zh_cn":"武汉","id":"WUH"},
{"filterkeyword":"乌鲁木齐 WuLuMuQi WuLuMuQi WLMQ URC URC","en_us":"WuLuMuQi","zh_cn":"乌鲁木齐","id":"URC"},
{"filterkeyword":"阿克苏 AKeSu AKeSu AKS AKU AKU","en_us":"AKeSu","zh_cn":"阿克苏","id":"AKU"},
{"filterkeyword":"阿勒泰 ALeTai ALeTai ALT AAT AAT","en_us":"ALeTai","zh_cn":"阿勒泰","id":"AAT"},
{"filterkeyword":"鞍山 AnShan AnShan AS AOG AOG","en_us":"AnShan","zh_cn":"鞍山","id":"AOG"},
{"filterkeyword":"安康 AnKang AnKang AK AKA AKA","en_us":"AnKang","zh_cn":"安康","id":"AKA"},
{"filterkeyword":"安庆 AnQing AnQing AQ AQG AQG","en_us":"AnQing","zh_cn":"安庆","id":"AQG"},
{"filterkeyword":"白山 BaiShan BaiShan BS NBS NBS","en_us":"BaiShan","zh_cn":"白山","id":"NBS"},
{"filterkeyword":"保山 BaoShan BaoShan BS BSD BSD","en_us":"BaoShan","zh_cn":"保山","id":"BSD"},
{"filterkeyword":"包头 BaoTou  BaoTou  BT BAV BAV","en_us":"BaoTou","zh_cn":"包头","id":"BAV"},
{"filterkeyword":"北海 BeiHai BeiHai BH BHY BHY","en_us":"BeiHai","zh_cn":"北海","id":"BHY"},
{"filterkeyword":"博乐 Bole Bole BL BPL BPL","en_us":"Bole","zh_cn":"博乐","id":"BPL"},
{"filterkeyword":"长白山 ChangBaiShan ChangBaiShan CBS NBS NBS","en_us":"ChangBaiShan","zh_cn":"长白山","id":"NBS"},
{"filterkeyword":"昌都 ChangDu ChangDu CD BPX BPX","en_us":"ChangDu","zh_cn":"昌都","id":"BPX"},
{"filterkeyword":"长春 ChangChun ChangChun CC CGQ CGQ","en_us":"ChangChun","zh_cn":"长春","id":"CGQ"},
{"filterkeyword":"常德 ChangDe ChangDe CD CGD CGD","en_us":"ChangDe","zh_cn":"常德","id":"CGD"},
{"filterkeyword":"长治 ChangZhi ChangZhi CZ CIH CIH","en_us":"ChangZhi","zh_cn":"长治","id":"CIH"},
{"filterkeyword":"常州 ChangZhou ChangZhou CZ CZX CZX","en_us":"ChangZhou","zh_cn":"常州","id":"CZX"},
{"filterkeyword":"赤峰 ChiFeng ChiFeng CF CIF CIF","en_us":"ChiFeng","zh_cn":"赤峰","id":"CIF"},
{"filterkeyword":"池州 CHIZHOU CHIZHOU CZ JUH JUH","en_us":"CHIZHOU","zh_cn":"池州","id":"JUH"},
{"filterkeyword":"大理 DaLi DaLi DL DLU DLU","en_us":"DaLi","zh_cn":"大理","id":"DLU"},
{"filterkeyword":"大庆 DaQing DaQing DQ DQA DQA","en_us":"DaQing","zh_cn":"大庆","id":"DQA"},
{"filterkeyword":"大同 DaTong DaTong DT DAT DAT","en_us":"DaTong","zh_cn":"大同","id":"DAT"},
{"filterkeyword":"达县 DaXian DaXian DX DAX DAX","en_us":"DaXian","zh_cn":"达县","id":"DAX"},
{"filterkeyword":"丹东 DanDong DanDong DD DDG DDG","en_us":"DanDong","zh_cn":"丹东","id":"DDG"},
{"filterkeyword":"德宏芒市 DeHongMangShi DeHongMangShi DHMS LUM LUM","en_us":"DeHongMangShi","zh_cn":"德宏芒市","id":"LUM"},
{"filterkeyword":"迪庆 DiQing DiQing DQ DIG DIG","en_us":"DiQing","zh_cn":"迪庆","id":"DIG"},
{"filterkeyword":"东胜 DongSheng DongSheng DS DSN DSN","en_us":"DongSheng","zh_cn":"东胜","id":"DSN"},
{"filterkeyword":"东营 DongYing DongYing DY DOY DOY","en_us":"DongYing","zh_cn":"东营","id":"DOY"},
{"filterkeyword":"敦煌 DunHuang DunHuang DH DNH DNH","en_us":"DunHuang","zh_cn":"敦煌","id":"DNH"},
{"filterkeyword":"恩施 EnShi EnShi ES ENH ENH","en_us":"EnShi","zh_cn":"恩施","id":"ENH"},
{"filterkeyword":"福州 FuZhou FuZhou FZ FOC FOC","en_us":"FuZhou","zh_cn":"福州","id":"FOC"},
{"filterkeyword":"阜阳 FuYang FuYang FY FUG FUG","en_us":"FuYang","zh_cn":"阜阳","id":"FUG"},
{"filterkeyword":"抚远 FuYuan FuYuan FY FYJ FYJ","en_us":"FuYuan","zh_cn":"抚远","id":"FYJ"},
{"filterkeyword":"赣州 GanZhou GanZhou GZ KOW KOW","en_us":"GanZhou","zh_cn":"赣州","id":"KOW"},
{"filterkeyword":"格尔木 GeErMu GeErMu GEM GOQ GOQ","en_us":"GeErMu","zh_cn":"格尔木","id":"GOQ"},
{"filterkeyword":"广汉 GuangHan GuangHan GH GHN GHN","en_us":"GuangHan","zh_cn":"广汉","id":"GHN"},
{"filterkeyword":"广元 GuangYuan GuangYuan GY GYS GYS","en_us":"GuangYuan","zh_cn":"广元","id":"GYS"},
{"filterkeyword":"桂林 GuiLin GuiLin GL KWL KWL","en_us":"GuiLin","zh_cn":"桂林","id":"KWL"},
{"filterkeyword":"贵阳 GuiYang GuiYang GY KWE KWE","en_us":"GuiYang","zh_cn":"贵阳","id":"KWE"},
{"filterkeyword":"哈尔滨 HaErBin HaErBin HEB HRB HRB","en_us":"HaErBin","zh_cn":"哈尔滨","id":"HRB"},
{"filterkeyword":"哈密 HaMi HaMi HM HMI HMI","en_us":"HaMi","zh_cn":"哈密","id":"HMI"},
{"filterkeyword":"邯郸 HanDan HanDan HD HDG HDG","en_us":"HanDan","zh_cn":"邯郸","id":"HDG"},
{"filterkeyword":"汉中 HanZhong HanZhong HZ HZG HZG","en_us":"HanZhong","zh_cn":"汉中","id":"HZG"},
{"filterkeyword":"合肥 HeFei HeFei HF HFE HFE","en_us":"HeFei","zh_cn":"合肥","id":"HFE"},
{"filterkeyword":"和田 HeTian HeTian HT HTN HTN","en_us":"HeTian","zh_cn":"和田","id":"HTN"},
{"filterkeyword":"黑河 HeiHe HeiHe HH HEK HEK","en_us":"HeiHe","zh_cn":"黑河","id":"HEK"},
{"filterkeyword":"衡阳 HengYang HengYang HY HNY HNY","en_us":"HengYang","zh_cn":"衡阳","id":"HNY"},
{"filterkeyword":"呼和浩特 HuHeHaoTe HuHeHaoTe HHHT HET HET","en_us":"HuHeHaoTe","zh_cn":"呼和浩特","id":"HET"},
{"filterkeyword":"怀化 HuaiHua HuaiHua HH HJJ HJJ","en_us":"HuaiHua","zh_cn":"怀化","id":"HJJ"},
{"filterkeyword":"黄果树 HuangGuoShu HuangGuoShu HGS AVA AVA","en_us":"HuangGuoShu","zh_cn":"黄果树","id":"AVA"},
{"filterkeyword":"黄山 HuangShan HuangShan HS TXN TXN","en_us":"HuangShan","zh_cn":"黄山","id":"TXN"},
{"filterkeyword":"黄岩 HuangYan HuangYan HY HYN HYN","en_us":"HuangYan","zh_cn":"黄岩","id":"HYN"},
{"filterkeyword":"惠阳 HuiYang HuiYang HY AHE AHE","en_us":"HuiYang","zh_cn":"惠阳","id":"AHE"},
{"filterkeyword":"海拉尔 HaiLaEr HaiLaEr HLE HLD HLD","en_us":"HaiLaEr","zh_cn":"海拉尔","id":"HLD"},
{"filterkeyword":"吉林 JiLin JiLin JL JIL JIL","en_us":"JiLin","zh_cn":"吉林","id":"JIL"},
{"filterkeyword":"吉安 JiAn JiAn JA KNC KNC","en_us":"JiAn","zh_cn":"吉安","id":"KNC"},
{"filterkeyword":"井冈山 JingGangShan JingGangShan JGS JGS JGS","en_us":"JingGangShan","zh_cn":"井冈山","id":"JGS"},
{"filterkeyword":"济南 JiNan JiNan JN TNA TNA","en_us":"JiNan","zh_cn":"济南","id":"TNA"},
{"filterkeyword":"济宁 JiNing JiNing JN JNG JNG","en_us":"JiNing","zh_cn":"济宁","id":"JNG"},
{"filterkeyword":"佳木斯 JiaMuSi JiaMuSi JMS JMU JMU","en_us":"JiaMuSi","zh_cn":"佳木斯","id":"JMU"},
{"filterkeyword":"嘉峪关 JiaYuGuan JiaYuGuan JYG JGN JGN","en_us":"JiaYuGuan","zh_cn":"嘉峪关","id":"JGN"},
{"filterkeyword":"九寨沟 JiuZhaiGou JiuZhaiGou JZG JZH JZH","en_us":"JiuZhaiGou","zh_cn":"九寨沟","id":"JZH"},
{"filterkeyword":"晋江 JinJiang JinJiang JJ JJN JJN","en_us":"JinJiang","zh_cn":"晋江","id":"JJN"},
{"filterkeyword":"景德镇 JingDeZhen JingDeZhen JDZ JDZ JDZ","en_us":"JingDeZhen","zh_cn":"景德镇","id":"JDZ"},
{"filterkeyword":"荆州、沙市 JingZhou、ShaShi JingZhou、ShaShi JZ、SS SHS SHS","en_us":"JingZhou、ShaShi","zh_cn":"荆州、沙市","id":"SHS"},
{"filterkeyword":"九江 JiuJiang JiuJiang JJ JIU JIU","en_us":"JiuJiang","zh_cn":"九江","id":"JIU"},
{"filterkeyword":"锦州 JinZhou JinZhou JZ JNZ JNZ","en_us":"JinZhou","zh_cn":"锦州","id":"JNZ"},
{"filterkeyword":"喀什 KaShi KaShi KS KHG KHG","en_us":"KaShi","zh_cn":"喀什","id":"KHG"},
{"filterkeyword":"克拉玛依 KeLaMaYi KeLaMaYi KLMY KRY KRY","en_us":"KeLaMaYi","zh_cn":"克拉玛依","id":"KRY"},
{"filterkeyword":"喀纳斯 KaNaSi KaNaSi KNS KJI KJI","en_us":"KaNaSi","zh_cn":"喀纳斯","id":"KJI"},
{"filterkeyword":"库尔勒 KuErLe KuErLe KEL KRL KRL","en_us":"KuErLe","zh_cn":"库尔勒","id":"KRL"},
{"filterkeyword":"库车 KuChe KuChe KC KCA KCA","en_us":"KuChe","zh_cn":"库车","id":"KCA"},
{"filterkeyword":"昆明 KunMing KunMing KM KMG KMG","en_us":"KunMing","zh_cn":"昆明","id":"KMG"},
{"filterkeyword":"拉萨 LaSa LaSa LS LXA LXA","en_us":"LaSa","zh_cn":"拉萨","id":"LXA"},
{"filterkeyword":"兰州 LanZhou LanZhou LZ ZGC LHW","en_us":"LanZhou","zh_cn":"兰州","id":"ZGC"},
{"filterkeyword":"丽江 LiJiang LiJiang LJ LJG LJG","en_us":"LiJiang","zh_cn":"丽江","id":"LJG"},
{"filterkeyword":"荔波 LiBo LiBo LB LLB LLB","en_us":"LiBo","zh_cn":"荔波","id":"LLB"},
{"filterkeyword":"黎平 LiPing LiPing LP HZH HZH","en_us":"LiPing","zh_cn":"黎平","id":"HZH"},
{"filterkeyword":"连云港 LianYunGang LianYunGang LYG LYG LYG","en_us":"LianYunGang","zh_cn":"连云港","id":"LYG"},
{"filterkeyword":"梁平 LiangPing LiangPing LP LIA LIA","en_us":"LiangPing","zh_cn":"梁平","id":"LIA"},
{"filterkeyword":"临沧 LinCang LinCang LC LNJ LNJ","en_us":"LinCang","zh_cn":"临沧","id":"LNJ"},
{"filterkeyword":"临沂 LinYi LinYi LY LYI LYI","en_us":"LinYi","zh_cn":"临沂","id":"LYI"},
{"filterkeyword":"柳州 LiuZhou LiuZhou LZ LZH LZH","en_us":"LiuZhou","zh_cn":"柳州","id":"LZH"},
{"filterkeyword":"泸州 LuZhou LuZhou LZ LZO LZO","en_us":"LuZhou","zh_cn":"泸州","id":"LZO"},
{"filterkeyword":"洛阳 LuoYang LuoYang LY LYA LYA","en_us":"LuoYang","zh_cn":"洛阳","id":"LYA"},
{"filterkeyword":"满洲里 ManZhouLi ManZhouLi MZL NZH NZH","en_us":"ManZhouLi","zh_cn":"满洲里","id":"NZH"},
{"filterkeyword":"梅县 MeiXian MeiXian MX MXZ MXZ","en_us":"MeiXian","zh_cn":"梅县","id":"MXZ"},
{"filterkeyword":"绵阳 MianYang MianYang MY MIG MIG","en_us":"MianYang","zh_cn":"绵阳","id":"MIG"},
{"filterkeyword":"漠河 MoHe MoHe MH OHE OHE","en_us":"MoHe","zh_cn":"漠河","id":"OHE"},
{"filterkeyword":"牡丹江 MuDanJiang MuDanJiang MDJ MDG MDG","en_us":"MuDanJiang","zh_cn":"牡丹江","id":"MDG"},
{"filterkeyword":"南昌 NanChang NanChang NC KHN KHN","en_us":"NanChang","zh_cn":"南昌","id":"KHN"},
{"filterkeyword":"南充 NanChong NanChong NC NAO NAO","en_us":"NanChong","zh_cn":"南充","id":"NAO"},
{"filterkeyword":"南京 NanJing NanJing NJ NKG NKG","en_us":"NanJing","zh_cn":"南京","id":"NKG"},
{"filterkeyword":"南宁 NanNing NanNing NN NNG NNG","en_us":"NanNing","zh_cn":"南宁","id":"NNG"},
{"filterkeyword":"南通 NanTong NanTong NT NTG NTG","en_us":"NanTong","zh_cn":"南通","id":"NTG"},
{"filterkeyword":"南阳 NanYang NanYang NY NNY NNY","en_us":"NanYang","zh_cn":"南阳","id":"NNY"},
{"filterkeyword":"宁波 NingBo NingBo NB NGB NGB","en_us":"NingBo","zh_cn":"宁波","id":"NGB"},
{"filterkeyword":"那拉提 NaLaTi NaLaTi NLT NLT NLT","en_us":"NaLaTi","zh_cn":"那拉提","id":"NLT"},
{"filterkeyword":"攀枝花 PanZhiHua PanZhiHua PZH PZI PZI","en_us":"PanZhiHua","zh_cn":"攀枝花","id":"PZI"},
{"filterkeyword":"齐齐哈尔 QiQiHaEr QiQiHaEr QQHE NDG NDG","en_us":"QiQiHaEr","zh_cn":"齐齐哈尔","id":"NDG"},
{"filterkeyword":"且末 QieMo QieMo QM IQM IQM","en_us":"QieMo","zh_cn":"且末","id":"IQM"},
{"filterkeyword":"秦皇岛 QinHuangDao QinHuangDao QHD SHP SHP","en_us":"QinHuangDao","zh_cn":"秦皇岛","id":"SHP"},
{"filterkeyword":"青岛 QingDao QingDao QD TAO TAO","en_us":"QingDao","zh_cn":"青岛","id":"TAO"},
{"filterkeyword":"庆阳 QingYang QingYang QY IQN IQN","en_us":"QingYang","zh_cn":"庆阳","id":"IQN"},
{"filterkeyword":"衢州 QuZhou QuZhou QZ JUZ JUZ","en_us":"QuZhou","zh_cn":"衢州","id":"JUZ"},
{"filterkeyword":"泉州 QuanZhou QuanZhou QZ JJN JJN","en_us":"QuanZhou","zh_cn":"泉州","id":"JJN"},
{"filterkeyword":"三亚 SanYa SanYa SY SYX SYX","en_us":"SanYa","zh_cn":"三亚","id":"SYX"},
{"filterkeyword":"鄯善 ShanShan ShanShan SS SXJ SXJ","en_us":"ShanShan","zh_cn":"鄯善","id":"SXJ"},
{"filterkeyword":"揭阳 JieYang JieYang JY SWA SWA","en_us":"JieYang","zh_cn":"揭阳","id":"SWA"},
{"filterkeyword":"韶关 ShaoGuan ShaoGuan SG SHG SHG","en_us":"ShaoGuan","zh_cn":"韶关","id":"SHG"},
{"filterkeyword":"沈阳 ShenYang ShenYang SY SHE SHE","en_us":"ShenYang","zh_cn":"沈阳","id":"SHE"},
{"filterkeyword":"石家庄 ShiJiaZhuang ShiJiaZhuang SJZ SJW SJW","en_us":"ShiJiaZhuang","zh_cn":"石家庄","id":"SJW"},
{"filterkeyword":"思茅 SiMao SiMao SM SYM SYM","en_us":"SiMao","zh_cn":"思茅","id":"SYM"},
{"filterkeyword":"泗水 Surabaya Surabaya SS SUB SUB","en_us":"Surabaya","zh_cn":"泗水","id":"SUB"},
{"filterkeyword":"塔城 TaCheng TaCheng TC TCG TCG","en_us":"TaCheng","zh_cn":"塔城","id":"TCG"},
{"filterkeyword":"太原 TaiYuan TaiYuan TY TYN TYN","en_us":"TaiYuan","zh_cn":"太原","id":"TYN"},
{"filterkeyword":"腾冲 TengChong TengChong TC TCZ TCZ","en_us":"TengChong","zh_cn":"腾冲","id":"TCZ"},
{"filterkeyword":"铜仁 TongRen TongRen TR TEN TEN","en_us":"TongRen","zh_cn":"铜仁","id":"TEN"},
{"filterkeyword":"吐鲁番 TuLuFan TuLuFan TLB TLQ TLQ","en_us":"TuLuFan","zh_cn":"吐鲁番","id":"TLQ"},
{"filterkeyword":"万州 WanZhou WanZhou WZ WXN WXN","en_us":"WanZhou","zh_cn":"万州","id":"WXN"},
{"filterkeyword":"潍坊 WeiFang WeiFang WF WEF WEF","en_us":"WeiFang","zh_cn":"潍坊","id":"WEF"},
{"filterkeyword":"威海 WeiHai WeiHai WH WEH WEH","en_us":"WeiHai","zh_cn":"威海","id":"WEH"},
{"filterkeyword":"文山 WenShan WenShan WS WNH WNH","en_us":"WenShan","zh_cn":"文山","id":"WNH"},
{"filterkeyword":"温州 WenZhou WenZhou WZ WNZ WNZ","en_us":"WenZhou","zh_cn":"温州","id":"WNZ"},
{"filterkeyword":"无锡 WuXi WuXi WX WUX WUX","en_us":"WuXi","zh_cn":"无锡","id":"WUX"},
{"filterkeyword":"武夷山 WuYiShan WuYiShan WYS WUS WUS","en_us":"WuYiShan","zh_cn":"武夷山","id":"WUS"},
{"filterkeyword":"梧州 WuZhou WuZhou WZ WUZ WUZ","en_us":"WuZhou","zh_cn":"梧州","id":"WUZ"},
{"filterkeyword":"西安 XiAn XiAn XA XIY SIA","en_us":"XiAn","zh_cn":"西安","id":"XIY"},
{"filterkeyword":"西昌 XiChang XiChang XC XIC XIC","en_us":"XiChang","zh_cn":"西昌","id":"XIC"},
{"filterkeyword":"锡林浩特 XiLinHaoTe XiLinHaoTe XLHT XIL XIL","en_us":"XiLinHaoTe","zh_cn":"锡林浩特","id":"XIL"},
{"filterkeyword":"西宁 XiNing XiNing XN XNN XNN","en_us":"XiNing","zh_cn":"西宁","id":"XNN"},
{"filterkeyword":"西双版纳 XiShuangBanNa XiShuangBanNa XSBN JHG JHG","en_us":"XiShuangBanNa","zh_cn":"西双版纳","id":"JHG"},
{"filterkeyword":"厦门 XiaMen XiaMen XM XMN XMN","en_us":"XiaMen","zh_cn":"厦门","id":"XMN"},
{"filterkeyword":"襄阳 XiangYang XiangYang XY XFN XFN","en_us":"XiangYang","zh_cn":"襄阳","id":"XFN"},
{"filterkeyword":"兴义 XingYi XingYi XY ACX ACX","en_us":"XingYi","zh_cn":"兴义","id":"ACX"},
{"filterkeyword":"徐州 XuZhou XuZhou XZ XUZ XUZ","en_us":"XuZhou","zh_cn":"徐州","id":"XUZ"},
{"filterkeyword":"延安 YanAn YanAn YA ENY ENY","en_us":"YanAn","zh_cn":"延安","id":"ENY"},
{"filterkeyword":"盐城 YanCheng YanCheng YC YNZ YNZ","en_us":"YanCheng","zh_cn":"盐城","id":"YNZ"},
{"filterkeyword":"延吉 YanJi YanJi YJ YNJ YNJ","en_us":"YanJi","zh_cn":"延吉","id":"YNJ"},
{"filterkeyword":"烟台 YanTai YanTai YT YNT YNT","en_us":"YanTai","zh_cn":"烟台","id":"YNT"},
{"filterkeyword":"宜宾 YiBin YiBin YB YBP YBP","en_us":"YiBin","zh_cn":"宜宾","id":"YBP"},
{"filterkeyword":"宜昌 YiChang YiChang YC YIH YIH","en_us":"YiChang","zh_cn":"宜昌","id":"YIH"},
{"filterkeyword":"伊春 YiChun YiChun YC LDS LDS","en_us":"YiChun","zh_cn":"伊春","id":"LDS"},
{"filterkeyword":"伊宁 YiNing YiNing YN YIN YIN","en_us":"YiNing","zh_cn":"伊宁","id":"YIN"},
{"filterkeyword":"义乌 YiWu YiWu YW YIW YIW","en_us":"YiWu","zh_cn":"义乌","id":"YIW"},
{"filterkeyword":"银川 YinChuan YinChuan YC INC INC","en_us":"YinChuan","zh_cn":"银川","id":"INC"},
{"filterkeyword":"永州 YongZhou YongZhou YZ LLF LLF","en_us":"YongZhou","zh_cn":"永州","id":"LLF"},
{"filterkeyword":"榆林 YuLin YuLin YL UYN UYN","en_us":"YuLin","zh_cn":"榆林","id":"UYN"},
{"filterkeyword":"运城 YunCheng YunCheng YC YCU YCU","en_us":"YunCheng","zh_cn":"运城","id":"YCU"},
{"filterkeyword":"湛江 ZhanJiang ZhanJiang ZJ ZHA ZHA","en_us":"ZhanJiang","zh_cn":"湛江","id":"ZHA"},
{"filterkeyword":"张家界 ZhangJiaJie ZhangJiaJie ZJJ DYG DYG","en_us":"ZhangJiaJie","zh_cn":"张家界","id":"DYG"},
{"filterkeyword":"昭通 ZhaoTong ZhaoTong ZT ZAT ZAT","en_us":"ZhaoTong","zh_cn":"昭通","id":"ZAT"},
{"filterkeyword":"朝阳 ZhaoYang ZhaoYang ZY CHG CHG","en_us":"ZhaoYang","zh_cn":"朝阳","id":"CHG"},
{"filterkeyword":"郑州 ZhengZhou ZhengZhou ZZ CGO CGO","en_us":"ZhengZhou","zh_cn":"郑州","id":"CGO"},
{"filterkeyword":"舟山 ZhouShan ZhouShan ZS HSN HSN","en_us":"ZhouShan","zh_cn":"舟山","id":"HSN"},
{"filterkeyword":"珠海 ZhuHai ZhuHai ZH ZUH ZUH","en_us":"ZhuHai","zh_cn":"珠海","id":"ZUH"},
{"filterkeyword":"遵义 ZunYi ZunYi ZY ZYI ZYI","en_us":"ZunYi","zh_cn":"遵义","id":"ZYI"}]}





             
